"","PUMP_01","PUMP_02","PUMP_03","fcv_01","fcv_02","switch","filter_01","filter_02"
"1","PUMP_01","PUMP_02","PUMP_03","RIKO_01","RIKO_02",NA,"BF_FV_01","BF_FN_01"
"2","PUMP_01","PUMP_02","PUMP_03","RIKO_01","RIKO_02",NA,"BF_FV_01","BF_FN_02"
"3","PUMP_01","PUMP_02","PUMP_03","RIKO_01","RIKO_02",NA,"BF_FV_01","BF_FN_03"
"4","PUMP_01","PUMP_02","PUMP_03","RIKO_01","RIKO_02",NA,"BF_FV_01","BF_FN_04"
"5","PUMP_01","PUMP_02","PUMP_03","RIKO_01","RIKO_02",NA,"BF_FV_01","BF_FN_05"
"6","PUMP_01","PUMP_02","PUMP_03","RIKO_01","RIKO_02",NA,"BF_FV_01","BF_FN_06"
"7","PUMP_01","PUMP_02","PUMP_03","RIKO_01","RIKO_02",NA,"BF_FV_01","BF_FN_07"
"8","PUMP_01","PUMP_02","PUMP_03","RIKO_01","RIKO_02",NA,"BF_FV_01","BF_FN_08"
"9","PUMP_01","PUMP_02","PUMP_03","RIKO_01","RIKO_02",NA,"BF_FV_02","BF_FN_01"
"10","PUMP_01","PUMP_02","PUMP_03","RIKO_01","RIKO_02",NA,"BF_FV_02","BF_FN_02"
"11","PUMP_01","PUMP_02","PUMP_03","RIKO_01","RIKO_02",NA,"BF_FV_02","BF_FN_03"
"12","PUMP_01","PUMP_02","PUMP_03","RIKO_01","RIKO_02",NA,"BF_FV_02","BF_FN_04"
"13","PUMP_01","PUMP_02","PUMP_03","RIKO_01","RIKO_02",NA,"BF_FV_02","BF_FN_05"
"14","PUMP_01","PUMP_02","PUMP_03","RIKO_01","RIKO_02",NA,"BF_FV_02","BF_FN_06"
"15","PUMP_01","PUMP_02","PUMP_03","RIKO_01","RIKO_02",NA,"BF_FV_02","BF_FN_07"
"16","PUMP_01","PUMP_02","PUMP_03","RIKO_01","RIKO_02",NA,"BF_FV_02","BF_FN_08"
"17","PUMP_01","PUMP_02","PUMP_03","RIKO_01","RIKO_02",NA,"BF_FV_03","BF_FN_01"
"18","PUMP_01","PUMP_02","PUMP_03","RIKO_01","RIKO_02",NA,"BF_FV_03","BF_FN_02"
"19","PUMP_01","PUMP_02","PUMP_03","RIKO_01","RIKO_02",NA,"BF_FV_03","BF_FN_03"
"20","PUMP_01","PUMP_02","PUMP_03","RIKO_01","RIKO_02",NA,"BF_FV_03","BF_FN_04"
"21","PUMP_01","PUMP_02","PUMP_03","RIKO_01","RIKO_02",NA,"BF_FV_03","BF_FN_05"
"22","PUMP_01","PUMP_02","PUMP_03","RIKO_01","RIKO_02",NA,"BF_FV_03","BF_FN_06"
"23","PUMP_01","PUMP_02","PUMP_03","RIKO_01","RIKO_02",NA,"BF_FV_03","BF_FN_07"
"24","PUMP_01","PUMP_02","PUMP_03","RIKO_01","RIKO_02",NA,"BF_FV_03","BF_FN_08"
"25","PUMP_01","PUMP_02","PUMP_03","RIKO_01","RIKO_02",NA,"BF_FV_04","BF_FN_01"
"26","PUMP_01","PUMP_02","PUMP_03","RIKO_01","RIKO_02",NA,"BF_FV_04","BF_FN_02"
"27","PUMP_01","PUMP_02","PUMP_03","RIKO_01","RIKO_02",NA,"BF_FV_04","BF_FN_03"
"28","PUMP_01","PUMP_02","PUMP_03","RIKO_01","RIKO_02",NA,"BF_FV_04","BF_FN_04"
"29","PUMP_01","PUMP_02","PUMP_03","RIKO_01","RIKO_02",NA,"BF_FV_04","BF_FN_05"
"30","PUMP_01","PUMP_02","PUMP_03","RIKO_01","RIKO_02",NA,"BF_FV_04","BF_FN_06"
"31","PUMP_01","PUMP_02","PUMP_03","RIKO_01","RIKO_02",NA,"BF_FV_04","BF_FN_07"
"32","PUMP_01","PUMP_02","PUMP_03","RIKO_01","RIKO_02",NA,"BF_FV_04","BF_FN_08"
"33","PUMP_01","PUMP_02","PUMP_03","RIKO_01","RIKO_02",NA,"BF_FV_05","BF_FN_01"
"34","PUMP_01","PUMP_02","PUMP_03","RIKO_01","RIKO_02",NA,"BF_FV_05","BF_FN_02"
"35","PUMP_01","PUMP_02","PUMP_03","RIKO_01","RIKO_02",NA,"BF_FV_05","BF_FN_03"
"36","PUMP_01","PUMP_02","PUMP_03","RIKO_01","RIKO_02",NA,"BF_FV_05","BF_FN_04"
"37","PUMP_01","PUMP_02","PUMP_03","RIKO_01","RIKO_02",NA,"BF_FV_05","BF_FN_05"
"38","PUMP_01","PUMP_02","PUMP_03","RIKO_01","RIKO_02",NA,"BF_FV_05","BF_FN_06"
"39","PUMP_01","PUMP_02","PUMP_03","RIKO_01","RIKO_02",NA,"BF_FV_05","BF_FN_07"
"40","PUMP_01","PUMP_02","PUMP_03","RIKO_01","RIKO_02",NA,"BF_FV_05","BF_FN_08"
"41","PUMP_01","PUMP_02","PUMP_03","RIKO_01","RIKO_02",NA,"BF_FV_06","BF_FN_01"
"42","PUMP_01","PUMP_02","PUMP_03","RIKO_01","RIKO_02",NA,"BF_FV_06","BF_FN_02"
"43","PUMP_01","PUMP_02","PUMP_03","RIKO_01","RIKO_02",NA,"BF_FV_06","BF_FN_03"
"44","PUMP_01","PUMP_02","PUMP_03","RIKO_01","RIKO_02",NA,"BF_FV_06","BF_FN_04"
"45","PUMP_01","PUMP_02","PUMP_03","RIKO_01","RIKO_02",NA,"BF_FV_06","BF_FN_05"
"46","PUMP_01","PUMP_02","PUMP_03","RIKO_01","RIKO_02",NA,"BF_FV_06","BF_FN_06"
"47","PUMP_01","PUMP_02","PUMP_03","RIKO_01","RIKO_02",NA,"BF_FV_06","BF_FN_07"
"48","PUMP_01","PUMP_02","PUMP_03","RIKO_01","RIKO_02",NA,"BF_FV_06","BF_FN_08"
"49","PUMP_01","PUMP_02","PUMP_03","RIKO_01","RIKO_02",NA,"BF_FV_07","BF_FN_01"
"50","PUMP_01","PUMP_02","PUMP_03","RIKO_01","RIKO_02",NA,"BF_FV_07","BF_FN_02"
"51","PUMP_01","PUMP_02","PUMP_03","RIKO_01","RIKO_02",NA,"BF_FV_07","BF_FN_03"
"52","PUMP_01","PUMP_02","PUMP_03","RIKO_01","RIKO_02",NA,"BF_FV_07","BF_FN_04"
"53","PUMP_01","PUMP_02","PUMP_03","RIKO_01","RIKO_02",NA,"BF_FV_07","BF_FN_05"
"54","PUMP_01","PUMP_02","PUMP_03","RIKO_01","RIKO_02",NA,"BF_FV_07","BF_FN_06"
"55","PUMP_01","PUMP_02","PUMP_03","RIKO_01","RIKO_02",NA,"BF_FV_07","BF_FN_07"
"56","PUMP_01","PUMP_02","PUMP_03","RIKO_01","RIKO_02",NA,"BF_FV_07","BF_FN_08"
"57","PUMP_01","PUMP_02","PUMP_03","RIKO_01","RIKO_02",NA,"BF_FV_08","BF_FN_01"
"58","PUMP_01","PUMP_02","PUMP_03","RIKO_01","RIKO_02",NA,"BF_FV_08","BF_FN_02"
"59","PUMP_01","PUMP_02","PUMP_03","RIKO_01","RIKO_02",NA,"BF_FV_08","BF_FN_03"
"60","PUMP_01","PUMP_02","PUMP_03","RIKO_01","RIKO_02",NA,"BF_FV_08","BF_FN_04"
"61","PUMP_01","PUMP_02","PUMP_03","RIKO_01","RIKO_02",NA,"BF_FV_08","BF_FN_05"
"62","PUMP_01","PUMP_02","PUMP_03","RIKO_01","RIKO_02",NA,"BF_FV_08","BF_FN_06"
"63","PUMP_01","PUMP_02","PUMP_03","RIKO_01","RIKO_02",NA,"BF_FV_08","BF_FN_07"
"64","PUMP_01","PUMP_02","PUMP_03","RIKO_01","RIKO_02",NA,"BF_FV_08","BF_FN_08"
"65","PUMP_01","PUMP_02","PUMP_03","RIKO_01","RIKO_02",NA,"BF_FV_09","BF_FN_01"
"66","PUMP_01","PUMP_02","PUMP_03","RIKO_01","RIKO_02",NA,"BF_FV_09","BF_FN_02"
"67","PUMP_01","PUMP_02","PUMP_03","RIKO_01","RIKO_02",NA,"BF_FV_09","BF_FN_03"
"68","PUMP_01","PUMP_02","PUMP_03","RIKO_01","RIKO_02",NA,"BF_FV_09","BF_FN_04"
"69","PUMP_01","PUMP_02","PUMP_03","RIKO_01","RIKO_02",NA,"BF_FV_09","BF_FN_05"
"70","PUMP_01","PUMP_02","PUMP_03","RIKO_01","RIKO_02",NA,"BF_FV_09","BF_FN_06"
"71","PUMP_01","PUMP_02","PUMP_03","RIKO_01","RIKO_02",NA,"BF_FV_09","BF_FN_07"
"72","PUMP_01","PUMP_02","PUMP_03","RIKO_01","RIKO_02",NA,"BF_FV_09","BF_FN_08"
"73","PUMP_01","PUMP_02","PUMP_03","RIKO_01","RIKO_02",NA,"BF_FV_10","BF_FN_01"
"74","PUMP_01","PUMP_02","PUMP_03","RIKO_01","RIKO_02",NA,"BF_FV_10","BF_FN_02"
"75","PUMP_01","PUMP_02","PUMP_03","RIKO_01","RIKO_02",NA,"BF_FV_10","BF_FN_03"
"76","PUMP_01","PUMP_02","PUMP_03","RIKO_01","RIKO_02",NA,"BF_FV_10","BF_FN_04"
"77","PUMP_01","PUMP_02","PUMP_03","RIKO_01","RIKO_02",NA,"BF_FV_10","BF_FN_05"
"78","PUMP_01","PUMP_02","PUMP_03","RIKO_01","RIKO_02",NA,"BF_FV_10","BF_FN_06"
"79","PUMP_01","PUMP_02","PUMP_03","RIKO_01","RIKO_02",NA,"BF_FV_10","BF_FN_07"
"80","PUMP_01","PUMP_02","PUMP_03","RIKO_01","RIKO_02",NA,"BF_FV_10","BF_FN_08"
"81","PUMP_01","PUMP_02","PUMP_03","RIKO_01","RIKO_02",NA,"BF_FV_11","BF_FN_01"
"82","PUMP_01","PUMP_02","PUMP_03","RIKO_01","RIKO_02",NA,"BF_FV_11","BF_FN_02"
"83","PUMP_01","PUMP_02","PUMP_03","RIKO_01","RIKO_02",NA,"BF_FV_11","BF_FN_03"
"84","PUMP_01","PUMP_02","PUMP_03","RIKO_01","RIKO_02",NA,"BF_FV_11","BF_FN_04"
"85","PUMP_01","PUMP_02","PUMP_03","RIKO_01","RIKO_02",NA,"BF_FV_11","BF_FN_05"
"86","PUMP_01","PUMP_02","PUMP_03","RIKO_01","RIKO_02",NA,"BF_FV_11","BF_FN_06"
"87","PUMP_01","PUMP_02","PUMP_03","RIKO_01","RIKO_02",NA,"BF_FV_11","BF_FN_07"
"88","PUMP_01","PUMP_02","PUMP_03","RIKO_01","RIKO_02",NA,"BF_FV_11","BF_FN_08"
"89","PUMP_01","PUMP_02","PUMP_03","RIKO_01","RIKO_02",NA,"BF_FV_12","BF_FN_01"
"90","PUMP_01","PUMP_02","PUMP_03","RIKO_01","RIKO_02",NA,"BF_FV_12","BF_FN_02"
"91","PUMP_01","PUMP_02","PUMP_03","RIKO_01","RIKO_02",NA,"BF_FV_12","BF_FN_03"
"92","PUMP_01","PUMP_02","PUMP_03","RIKO_01","RIKO_02",NA,"BF_FV_12","BF_FN_04"
"93","PUMP_01","PUMP_02","PUMP_03","RIKO_01","RIKO_02",NA,"BF_FV_12","BF_FN_05"
"94","PUMP_01","PUMP_02","PUMP_03","RIKO_01","RIKO_02",NA,"BF_FV_12","BF_FN_06"
"95","PUMP_01","PUMP_02","PUMP_03","RIKO_01","RIKO_02",NA,"BF_FV_12","BF_FN_07"
"96","PUMP_01","PUMP_02","PUMP_03","RIKO_01","RIKO_02",NA,"BF_FV_12","BF_FN_08"
"97","PUMP_01","PUMP_02","PUMP_03","RIKO_01","RIKO_02",NA,"BF_FV_13","BF_FN_01"
"98","PUMP_01","PUMP_02","PUMP_03","RIKO_01","RIKO_02",NA,"BF_FV_13","BF_FN_02"
"99","PUMP_01","PUMP_02","PUMP_03","RIKO_01","RIKO_02",NA,"BF_FV_13","BF_FN_03"
"100","PUMP_01","PUMP_02","PUMP_03","RIKO_01","RIKO_02",NA,"BF_FV_13","BF_FN_04"
"101","PUMP_01","PUMP_02","PUMP_03","RIKO_01","RIKO_02",NA,"BF_FV_13","BF_FN_05"
"102","PUMP_01","PUMP_02","PUMP_03","RIKO_01","RIKO_02",NA,"BF_FV_13","BF_FN_06"
"103","PUMP_01","PUMP_02","PUMP_03","RIKO_01","RIKO_02",NA,"BF_FV_13","BF_FN_07"
"104","PUMP_01","PUMP_02","PUMP_03","RIKO_01","RIKO_02",NA,"BF_FV_13","BF_FN_08"
"105","PUMP_01","PUMP_02","PUMP_03","RIKO_01","RIKO_02",NA,"BF_FV_14","BF_FN_01"
"106","PUMP_01","PUMP_02","PUMP_03","RIKO_01","RIKO_02",NA,"BF_FV_14","BF_FN_02"
"107","PUMP_01","PUMP_02","PUMP_03","RIKO_01","RIKO_02",NA,"BF_FV_14","BF_FN_03"
"108","PUMP_01","PUMP_02","PUMP_03","RIKO_01","RIKO_02",NA,"BF_FV_14","BF_FN_04"
"109","PUMP_01","PUMP_02","PUMP_03","RIKO_01","RIKO_02",NA,"BF_FV_14","BF_FN_05"
"110","PUMP_01","PUMP_02","PUMP_03","RIKO_01","RIKO_02",NA,"BF_FV_14","BF_FN_06"
"111","PUMP_01","PUMP_02","PUMP_03","RIKO_01","RIKO_02",NA,"BF_FV_14","BF_FN_07"
"112","PUMP_01","PUMP_02","PUMP_03","RIKO_01","RIKO_02",NA,"BF_FV_14","BF_FN_08"
"113","PUMP_01","PUMP_02","PUMP_03","RIKO_01","RIKO_02",NA,"BF_FV_15","BF_FN_01"
"114","PUMP_01","PUMP_02","PUMP_03","RIKO_01","RIKO_02",NA,"BF_FV_15","BF_FN_02"
"115","PUMP_01","PUMP_02","PUMP_03","RIKO_01","RIKO_02",NA,"BF_FV_15","BF_FN_03"
"116","PUMP_01","PUMP_02","PUMP_03","RIKO_01","RIKO_02",NA,"BF_FV_15","BF_FN_04"
"117","PUMP_01","PUMP_02","PUMP_03","RIKO_01","RIKO_02",NA,"BF_FV_15","BF_FN_05"
"118","PUMP_01","PUMP_02","PUMP_03","RIKO_01","RIKO_02",NA,"BF_FV_15","BF_FN_06"
"119","PUMP_01","PUMP_02","PUMP_03","RIKO_01","RIKO_02",NA,"BF_FV_15","BF_FN_07"
"120","PUMP_01","PUMP_02","PUMP_03","RIKO_01","RIKO_02",NA,"BF_FV_15","BF_FN_08"
"121","PUMP_01","PUMP_02","PUMP_03","RIKO_01","RIKO_02",NA,"BF_FV_16","BF_FN_01"
"122","PUMP_01","PUMP_02","PUMP_03","RIKO_01","RIKO_02",NA,"BF_FV_16","BF_FN_02"
"123","PUMP_01","PUMP_02","PUMP_03","RIKO_01","RIKO_02",NA,"BF_FV_16","BF_FN_03"
"124","PUMP_01","PUMP_02","PUMP_03","RIKO_01","RIKO_02",NA,"BF_FV_16","BF_FN_04"
"125","PUMP_01","PUMP_02","PUMP_03","RIKO_01","RIKO_02",NA,"BF_FV_16","BF_FN_05"
"126","PUMP_01","PUMP_02","PUMP_03","RIKO_01","RIKO_02",NA,"BF_FV_16","BF_FN_06"
"127","PUMP_01","PUMP_02","PUMP_03","RIKO_01","RIKO_02",NA,"BF_FV_16","BF_FN_07"
"128","PUMP_01","PUMP_02","PUMP_03","RIKO_01","RIKO_02",NA,"BF_FV_16","BF_FN_08"
"129","PUMP_01","PUMP_02","PUMP_03","RIKO_01","RIKO_02","BF_CONECT","BF_FV_01","BF_FV_02"
"130","PUMP_01","PUMP_02","PUMP_03","RIKO_01","RIKO_02","BF_CONECT","BF_FV_01","BF_FV_03"
"131","PUMP_01","PUMP_02","PUMP_03","RIKO_01","RIKO_02","BF_CONECT","BF_FV_01","BF_FV_04"
"132","PUMP_01","PUMP_02","PUMP_03","RIKO_01","RIKO_02","BF_CONECT","BF_FV_01","BF_FV_05"
"133","PUMP_01","PUMP_02","PUMP_03","RIKO_01","RIKO_02","BF_CONECT","BF_FV_01","BF_FV_06"
"134","PUMP_01","PUMP_02","PUMP_03","RIKO_01","RIKO_02","BF_CONECT","BF_FV_01","BF_FV_07"
"135","PUMP_01","PUMP_02","PUMP_03","RIKO_01","RIKO_02","BF_CONECT","BF_FV_01","BF_FV_08"
"136","PUMP_01","PUMP_02","PUMP_03","RIKO_01","RIKO_02","BF_CONECT","BF_FV_01","BF_FV_09"
"137","PUMP_01","PUMP_02","PUMP_03","RIKO_01","RIKO_02","BF_CONECT","BF_FV_01","BF_FV_10"
"138","PUMP_01","PUMP_02","PUMP_03","RIKO_01","RIKO_02","BF_CONECT","BF_FV_01","BF_FV_11"
"139","PUMP_01","PUMP_02","PUMP_03","RIKO_01","RIKO_02","BF_CONECT","BF_FV_01","BF_FV_12"
"140","PUMP_01","PUMP_02","PUMP_03","RIKO_01","RIKO_02","BF_CONECT","BF_FV_01","BF_FV_13"
"141","PUMP_01","PUMP_02","PUMP_03","RIKO_01","RIKO_02","BF_CONECT","BF_FV_01","BF_FV_14"
"142","PUMP_01","PUMP_02","PUMP_03","RIKO_01","RIKO_02","BF_CONECT","BF_FV_01","BF_FV_15"
"143","PUMP_01","PUMP_02","PUMP_03","RIKO_01","RIKO_02","BF_CONECT","BF_FV_01","BF_FV_16"
"144","PUMP_01","PUMP_02","PUMP_03","RIKO_01","RIKO_02","BF_CONECT","BF_FV_02","BF_FV_03"
"145","PUMP_01","PUMP_02","PUMP_03","RIKO_01","RIKO_02","BF_CONECT","BF_FV_02","BF_FV_04"
"146","PUMP_01","PUMP_02","PUMP_03","RIKO_01","RIKO_02","BF_CONECT","BF_FV_02","BF_FV_05"
"147","PUMP_01","PUMP_02","PUMP_03","RIKO_01","RIKO_02","BF_CONECT","BF_FV_02","BF_FV_06"
"148","PUMP_01","PUMP_02","PUMP_03","RIKO_01","RIKO_02","BF_CONECT","BF_FV_02","BF_FV_07"
"149","PUMP_01","PUMP_02","PUMP_03","RIKO_01","RIKO_02","BF_CONECT","BF_FV_02","BF_FV_08"
"150","PUMP_01","PUMP_02","PUMP_03","RIKO_01","RIKO_02","BF_CONECT","BF_FV_02","BF_FV_09"
"151","PUMP_01","PUMP_02","PUMP_03","RIKO_01","RIKO_02","BF_CONECT","BF_FV_02","BF_FV_10"
"152","PUMP_01","PUMP_02","PUMP_03","RIKO_01","RIKO_02","BF_CONECT","BF_FV_02","BF_FV_11"
"153","PUMP_01","PUMP_02","PUMP_03","RIKO_01","RIKO_02","BF_CONECT","BF_FV_02","BF_FV_12"
"154","PUMP_01","PUMP_02","PUMP_03","RIKO_01","RIKO_02","BF_CONECT","BF_FV_02","BF_FV_13"
"155","PUMP_01","PUMP_02","PUMP_03","RIKO_01","RIKO_02","BF_CONECT","BF_FV_02","BF_FV_14"
"156","PUMP_01","PUMP_02","PUMP_03","RIKO_01","RIKO_02","BF_CONECT","BF_FV_02","BF_FV_15"
"157","PUMP_01","PUMP_02","PUMP_03","RIKO_01","RIKO_02","BF_CONECT","BF_FV_02","BF_FV_16"
"158","PUMP_01","PUMP_02","PUMP_03","RIKO_01","RIKO_02","BF_CONECT","BF_FV_03","BF_FV_04"
"159","PUMP_01","PUMP_02","PUMP_03","RIKO_01","RIKO_02","BF_CONECT","BF_FV_03","BF_FV_05"
"160","PUMP_01","PUMP_02","PUMP_03","RIKO_01","RIKO_02","BF_CONECT","BF_FV_03","BF_FV_06"
"161","PUMP_01","PUMP_02","PUMP_03","RIKO_01","RIKO_02","BF_CONECT","BF_FV_03","BF_FV_07"
"162","PUMP_01","PUMP_02","PUMP_03","RIKO_01","RIKO_02","BF_CONECT","BF_FV_03","BF_FV_08"
"163","PUMP_01","PUMP_02","PUMP_03","RIKO_01","RIKO_02","BF_CONECT","BF_FV_03","BF_FV_09"
"164","PUMP_01","PUMP_02","PUMP_03","RIKO_01","RIKO_02","BF_CONECT","BF_FV_03","BF_FV_10"
"165","PUMP_01","PUMP_02","PUMP_03","RIKO_01","RIKO_02","BF_CONECT","BF_FV_03","BF_FV_11"
"166","PUMP_01","PUMP_02","PUMP_03","RIKO_01","RIKO_02","BF_CONECT","BF_FV_03","BF_FV_12"
"167","PUMP_01","PUMP_02","PUMP_03","RIKO_01","RIKO_02","BF_CONECT","BF_FV_03","BF_FV_13"
"168","PUMP_01","PUMP_02","PUMP_03","RIKO_01","RIKO_02","BF_CONECT","BF_FV_03","BF_FV_14"
"169","PUMP_01","PUMP_02","PUMP_03","RIKO_01","RIKO_02","BF_CONECT","BF_FV_03","BF_FV_15"
"170","PUMP_01","PUMP_02","PUMP_03","RIKO_01","RIKO_02","BF_CONECT","BF_FV_03","BF_FV_16"
"171","PUMP_01","PUMP_02","PUMP_03","RIKO_01","RIKO_02","BF_CONECT","BF_FV_04","BF_FV_05"
"172","PUMP_01","PUMP_02","PUMP_03","RIKO_01","RIKO_02","BF_CONECT","BF_FV_04","BF_FV_06"
"173","PUMP_01","PUMP_02","PUMP_03","RIKO_01","RIKO_02","BF_CONECT","BF_FV_04","BF_FV_07"
"174","PUMP_01","PUMP_02","PUMP_03","RIKO_01","RIKO_02","BF_CONECT","BF_FV_04","BF_FV_08"
"175","PUMP_01","PUMP_02","PUMP_03","RIKO_01","RIKO_02","BF_CONECT","BF_FV_04","BF_FV_09"
"176","PUMP_01","PUMP_02","PUMP_03","RIKO_01","RIKO_02","BF_CONECT","BF_FV_04","BF_FV_10"
"177","PUMP_01","PUMP_02","PUMP_03","RIKO_01","RIKO_02","BF_CONECT","BF_FV_04","BF_FV_11"
"178","PUMP_01","PUMP_02","PUMP_03","RIKO_01","RIKO_02","BF_CONECT","BF_FV_04","BF_FV_12"
"179","PUMP_01","PUMP_02","PUMP_03","RIKO_01","RIKO_02","BF_CONECT","BF_FV_04","BF_FV_13"
"180","PUMP_01","PUMP_02","PUMP_03","RIKO_01","RIKO_02","BF_CONECT","BF_FV_04","BF_FV_14"
"181","PUMP_01","PUMP_02","PUMP_03","RIKO_01","RIKO_02","BF_CONECT","BF_FV_04","BF_FV_15"
"182","PUMP_01","PUMP_02","PUMP_03","RIKO_01","RIKO_02","BF_CONECT","BF_FV_04","BF_FV_16"
"183","PUMP_01","PUMP_02","PUMP_03","RIKO_01","RIKO_02","BF_CONECT","BF_FV_05","BF_FV_06"
"184","PUMP_01","PUMP_02","PUMP_03","RIKO_01","RIKO_02","BF_CONECT","BF_FV_05","BF_FV_07"
"185","PUMP_01","PUMP_02","PUMP_03","RIKO_01","RIKO_02","BF_CONECT","BF_FV_05","BF_FV_08"
"186","PUMP_01","PUMP_02","PUMP_03","RIKO_01","RIKO_02","BF_CONECT","BF_FV_05","BF_FV_09"
"187","PUMP_01","PUMP_02","PUMP_03","RIKO_01","RIKO_02","BF_CONECT","BF_FV_05","BF_FV_10"
"188","PUMP_01","PUMP_02","PUMP_03","RIKO_01","RIKO_02","BF_CONECT","BF_FV_05","BF_FV_11"
"189","PUMP_01","PUMP_02","PUMP_03","RIKO_01","RIKO_02","BF_CONECT","BF_FV_05","BF_FV_12"
"190","PUMP_01","PUMP_02","PUMP_03","RIKO_01","RIKO_02","BF_CONECT","BF_FV_05","BF_FV_13"
"191","PUMP_01","PUMP_02","PUMP_03","RIKO_01","RIKO_02","BF_CONECT","BF_FV_05","BF_FV_14"
"192","PUMP_01","PUMP_02","PUMP_03","RIKO_01","RIKO_02","BF_CONECT","BF_FV_05","BF_FV_15"
"193","PUMP_01","PUMP_02","PUMP_03","RIKO_01","RIKO_02","BF_CONECT","BF_FV_05","BF_FV_16"
"194","PUMP_01","PUMP_02","PUMP_03","RIKO_01","RIKO_02","BF_CONECT","BF_FV_06","BF_FV_07"
"195","PUMP_01","PUMP_02","PUMP_03","RIKO_01","RIKO_02","BF_CONECT","BF_FV_06","BF_FV_08"
"196","PUMP_01","PUMP_02","PUMP_03","RIKO_01","RIKO_02","BF_CONECT","BF_FV_06","BF_FV_09"
"197","PUMP_01","PUMP_02","PUMP_03","RIKO_01","RIKO_02","BF_CONECT","BF_FV_06","BF_FV_10"
"198","PUMP_01","PUMP_02","PUMP_03","RIKO_01","RIKO_02","BF_CONECT","BF_FV_06","BF_FV_11"
"199","PUMP_01","PUMP_02","PUMP_03","RIKO_01","RIKO_02","BF_CONECT","BF_FV_06","BF_FV_12"
"200","PUMP_01","PUMP_02","PUMP_03","RIKO_01","RIKO_02","BF_CONECT","BF_FV_06","BF_FV_13"
"201","PUMP_01","PUMP_02","PUMP_03","RIKO_01","RIKO_02","BF_CONECT","BF_FV_06","BF_FV_14"
"202","PUMP_01","PUMP_02","PUMP_03","RIKO_01","RIKO_02","BF_CONECT","BF_FV_06","BF_FV_15"
"203","PUMP_01","PUMP_02","PUMP_03","RIKO_01","RIKO_02","BF_CONECT","BF_FV_06","BF_FV_16"
"204","PUMP_01","PUMP_02","PUMP_03","RIKO_01","RIKO_02","BF_CONECT","BF_FV_07","BF_FV_08"
"205","PUMP_01","PUMP_02","PUMP_03","RIKO_01","RIKO_02","BF_CONECT","BF_FV_07","BF_FV_09"
"206","PUMP_01","PUMP_02","PUMP_03","RIKO_01","RIKO_02","BF_CONECT","BF_FV_07","BF_FV_10"
"207","PUMP_01","PUMP_02","PUMP_03","RIKO_01","RIKO_02","BF_CONECT","BF_FV_07","BF_FV_11"
"208","PUMP_01","PUMP_02","PUMP_03","RIKO_01","RIKO_02","BF_CONECT","BF_FV_07","BF_FV_12"
"209","PUMP_01","PUMP_02","PUMP_03","RIKO_01","RIKO_02","BF_CONECT","BF_FV_07","BF_FV_13"
"210","PUMP_01","PUMP_02","PUMP_03","RIKO_01","RIKO_02","BF_CONECT","BF_FV_07","BF_FV_14"
"211","PUMP_01","PUMP_02","PUMP_03","RIKO_01","RIKO_02","BF_CONECT","BF_FV_07","BF_FV_15"
"212","PUMP_01","PUMP_02","PUMP_03","RIKO_01","RIKO_02","BF_CONECT","BF_FV_07","BF_FV_16"
"213","PUMP_01","PUMP_02","PUMP_03","RIKO_01","RIKO_02","BF_CONECT","BF_FV_08","BF_FV_09"
"214","PUMP_01","PUMP_02","PUMP_03","RIKO_01","RIKO_02","BF_CONECT","BF_FV_08","BF_FV_10"
"215","PUMP_01","PUMP_02","PUMP_03","RIKO_01","RIKO_02","BF_CONECT","BF_FV_08","BF_FV_11"
"216","PUMP_01","PUMP_02","PUMP_03","RIKO_01","RIKO_02","BF_CONECT","BF_FV_08","BF_FV_12"
"217","PUMP_01","PUMP_02","PUMP_03","RIKO_01","RIKO_02","BF_CONECT","BF_FV_08","BF_FV_13"
"218","PUMP_01","PUMP_02","PUMP_03","RIKO_01","RIKO_02","BF_CONECT","BF_FV_08","BF_FV_14"
"219","PUMP_01","PUMP_02","PUMP_03","RIKO_01","RIKO_02","BF_CONECT","BF_FV_08","BF_FV_15"
"220","PUMP_01","PUMP_02","PUMP_03","RIKO_01","RIKO_02","BF_CONECT","BF_FV_08","BF_FV_16"
"221","PUMP_01","PUMP_02","PUMP_03","RIKO_01","RIKO_02","BF_CONECT","BF_FV_09","BF_FV_10"
"222","PUMP_01","PUMP_02","PUMP_03","RIKO_01","RIKO_02","BF_CONECT","BF_FV_09","BF_FV_11"
"223","PUMP_01","PUMP_02","PUMP_03","RIKO_01","RIKO_02","BF_CONECT","BF_FV_09","BF_FV_12"
"224","PUMP_01","PUMP_02","PUMP_03","RIKO_01","RIKO_02","BF_CONECT","BF_FV_09","BF_FV_13"
"225","PUMP_01","PUMP_02","PUMP_03","RIKO_01","RIKO_02","BF_CONECT","BF_FV_09","BF_FV_14"
"226","PUMP_01","PUMP_02","PUMP_03","RIKO_01","RIKO_02","BF_CONECT","BF_FV_09","BF_FV_15"
"227","PUMP_01","PUMP_02","PUMP_03","RIKO_01","RIKO_02","BF_CONECT","BF_FV_09","BF_FV_16"
"228","PUMP_01","PUMP_02","PUMP_03","RIKO_01","RIKO_02","BF_CONECT","BF_FV_10","BF_FV_11"
"229","PUMP_01","PUMP_02","PUMP_03","RIKO_01","RIKO_02","BF_CONECT","BF_FV_10","BF_FV_12"
"230","PUMP_01","PUMP_02","PUMP_03","RIKO_01","RIKO_02","BF_CONECT","BF_FV_10","BF_FV_13"
"231","PUMP_01","PUMP_02","PUMP_03","RIKO_01","RIKO_02","BF_CONECT","BF_FV_10","BF_FV_14"
"232","PUMP_01","PUMP_02","PUMP_03","RIKO_01","RIKO_02","BF_CONECT","BF_FV_10","BF_FV_15"
"233","PUMP_01","PUMP_02","PUMP_03","RIKO_01","RIKO_02","BF_CONECT","BF_FV_10","BF_FV_16"
"234","PUMP_01","PUMP_02","PUMP_03","RIKO_01","RIKO_02","BF_CONECT","BF_FV_11","BF_FV_12"
"235","PUMP_01","PUMP_02","PUMP_03","RIKO_01","RIKO_02","BF_CONECT","BF_FV_11","BF_FV_13"
"236","PUMP_01","PUMP_02","PUMP_03","RIKO_01","RIKO_02","BF_CONECT","BF_FV_11","BF_FV_14"
"237","PUMP_01","PUMP_02","PUMP_03","RIKO_01","RIKO_02","BF_CONECT","BF_FV_11","BF_FV_15"
"238","PUMP_01","PUMP_02","PUMP_03","RIKO_01","RIKO_02","BF_CONECT","BF_FV_11","BF_FV_16"
"239","PUMP_01","PUMP_02","PUMP_03","RIKO_01","RIKO_02","BF_CONECT","BF_FV_12","BF_FV_13"
"240","PUMP_01","PUMP_02","PUMP_03","RIKO_01","RIKO_02","BF_CONECT","BF_FV_12","BF_FV_14"
"241","PUMP_01","PUMP_02","PUMP_03","RIKO_01","RIKO_02","BF_CONECT","BF_FV_12","BF_FV_15"
"242","PUMP_01","PUMP_02","PUMP_03","RIKO_01","RIKO_02","BF_CONECT","BF_FV_12","BF_FV_16"
"243","PUMP_01","PUMP_02","PUMP_03","RIKO_01","RIKO_02","BF_CONECT","BF_FV_13","BF_FV_14"
"244","PUMP_01","PUMP_02","PUMP_03","RIKO_01","RIKO_02","BF_CONECT","BF_FV_13","BF_FV_15"
"245","PUMP_01","PUMP_02","PUMP_03","RIKO_01","RIKO_02","BF_CONECT","BF_FV_13","BF_FV_16"
"246","PUMP_01","PUMP_02","PUMP_03","RIKO_01","RIKO_02","BF_CONECT","BF_FV_14","BF_FV_15"
"247","PUMP_01","PUMP_02","PUMP_03","RIKO_01","RIKO_02","BF_CONECT","BF_FV_14","BF_FV_16"
"248","PUMP_01","PUMP_02","PUMP_03","RIKO_01","RIKO_02","BF_CONECT","BF_FV_15","BF_FV_16"
"249","PUMP_01","PUMP_02","PUMP_03","RIKO_01","RIKO_02","BF_CONECT","BF_FN_01","BF_FN_02"
"250","PUMP_01","PUMP_02","PUMP_03","RIKO_01","RIKO_02","BF_CONECT","BF_FN_01","BF_FN_03"
"251","PUMP_01","PUMP_02","PUMP_03","RIKO_01","RIKO_02","BF_CONECT","BF_FN_01","BF_FN_04"
"252","PUMP_01","PUMP_02","PUMP_03","RIKO_01","RIKO_02","BF_CONECT","BF_FN_01","BF_FN_05"
"253","PUMP_01","PUMP_02","PUMP_03","RIKO_01","RIKO_02","BF_CONECT","BF_FN_01","BF_FN_06"
"254","PUMP_01","PUMP_02","PUMP_03","RIKO_01","RIKO_02","BF_CONECT","BF_FN_01","BF_FN_07"
"255","PUMP_01","PUMP_02","PUMP_03","RIKO_01","RIKO_02","BF_CONECT","BF_FN_01","BF_FN_08"
"256","PUMP_01","PUMP_02","PUMP_03","RIKO_01","RIKO_02","BF_CONECT","BF_FN_02","BF_FN_03"
"257","PUMP_01","PUMP_02","PUMP_03","RIKO_01","RIKO_02","BF_CONECT","BF_FN_02","BF_FN_04"
"258","PUMP_01","PUMP_02","PUMP_03","RIKO_01","RIKO_02","BF_CONECT","BF_FN_02","BF_FN_05"
"259","PUMP_01","PUMP_02","PUMP_03","RIKO_01","RIKO_02","BF_CONECT","BF_FN_02","BF_FN_06"
"260","PUMP_01","PUMP_02","PUMP_03","RIKO_01","RIKO_02","BF_CONECT","BF_FN_02","BF_FN_07"
"261","PUMP_01","PUMP_02","PUMP_03","RIKO_01","RIKO_02","BF_CONECT","BF_FN_02","BF_FN_08"
"262","PUMP_01","PUMP_02","PUMP_03","RIKO_01","RIKO_02","BF_CONECT","BF_FN_03","BF_FN_04"
"263","PUMP_01","PUMP_02","PUMP_03","RIKO_01","RIKO_02","BF_CONECT","BF_FN_03","BF_FN_05"
"264","PUMP_01","PUMP_02","PUMP_03","RIKO_01","RIKO_02","BF_CONECT","BF_FN_03","BF_FN_06"
"265","PUMP_01","PUMP_02","PUMP_03","RIKO_01","RIKO_02","BF_CONECT","BF_FN_03","BF_FN_07"
"266","PUMP_01","PUMP_02","PUMP_03","RIKO_01","RIKO_02","BF_CONECT","BF_FN_03","BF_FN_08"
"267","PUMP_01","PUMP_02","PUMP_03","RIKO_01","RIKO_02","BF_CONECT","BF_FN_04","BF_FN_05"
"268","PUMP_01","PUMP_02","PUMP_03","RIKO_01","RIKO_02","BF_CONECT","BF_FN_04","BF_FN_06"
"269","PUMP_01","PUMP_02","PUMP_03","RIKO_01","RIKO_02","BF_CONECT","BF_FN_04","BF_FN_07"
"270","PUMP_01","PUMP_02","PUMP_03","RIKO_01","RIKO_02","BF_CONECT","BF_FN_04","BF_FN_08"
"271","PUMP_01","PUMP_02","PUMP_03","RIKO_01","RIKO_02","BF_CONECT","BF_FN_05","BF_FN_06"
"272","PUMP_01","PUMP_02","PUMP_03","RIKO_01","RIKO_02","BF_CONECT","BF_FN_05","BF_FN_07"
"273","PUMP_01","PUMP_02","PUMP_03","RIKO_01","RIKO_02","BF_CONECT","BF_FN_05","BF_FN_08"
"274","PUMP_01","PUMP_02","PUMP_03","RIKO_01","RIKO_02","BF_CONECT","BF_FN_06","BF_FN_07"
"275","PUMP_01","PUMP_02","PUMP_03","RIKO_01","RIKO_02","BF_CONECT","BF_FN_06","BF_FN_08"
"276","PUMP_01","PUMP_02","PUMP_03","RIKO_01","RIKO_02","BF_CONECT","BF_FN_07","BF_FN_08"
"277",NA,NA,NA,"RIKO_01","RIKO_02",NA,"BF_FV_01","BF_FN_01"
"278",NA,NA,NA,"RIKO_01","RIKO_02",NA,"BF_FV_01","BF_FN_02"
"279",NA,NA,NA,"RIKO_01","RIKO_02",NA,"BF_FV_01","BF_FN_03"
"280",NA,NA,NA,"RIKO_01","RIKO_02",NA,"BF_FV_01","BF_FN_04"
"281",NA,NA,NA,"RIKO_01","RIKO_02",NA,"BF_FV_01","BF_FN_05"
"282",NA,NA,NA,"RIKO_01","RIKO_02",NA,"BF_FV_01","BF_FN_06"
"283",NA,NA,NA,"RIKO_01","RIKO_02",NA,"BF_FV_01","BF_FN_07"
"284",NA,NA,NA,"RIKO_01","RIKO_02",NA,"BF_FV_01","BF_FN_08"
"285",NA,NA,NA,"RIKO_01","RIKO_02",NA,"BF_FV_02","BF_FN_01"
"286",NA,NA,NA,"RIKO_01","RIKO_02",NA,"BF_FV_02","BF_FN_02"
"287",NA,NA,NA,"RIKO_01","RIKO_02",NA,"BF_FV_02","BF_FN_03"
"288",NA,NA,NA,"RIKO_01","RIKO_02",NA,"BF_FV_02","BF_FN_04"
"289",NA,NA,NA,"RIKO_01","RIKO_02",NA,"BF_FV_02","BF_FN_05"
"290",NA,NA,NA,"RIKO_01","RIKO_02",NA,"BF_FV_02","BF_FN_06"
"291",NA,NA,NA,"RIKO_01","RIKO_02",NA,"BF_FV_02","BF_FN_07"
"292",NA,NA,NA,"RIKO_01","RIKO_02",NA,"BF_FV_02","BF_FN_08"
"293",NA,NA,NA,"RIKO_01","RIKO_02",NA,"BF_FV_03","BF_FN_01"
"294",NA,NA,NA,"RIKO_01","RIKO_02",NA,"BF_FV_03","BF_FN_02"
"295",NA,NA,NA,"RIKO_01","RIKO_02",NA,"BF_FV_03","BF_FN_03"
"296",NA,NA,NA,"RIKO_01","RIKO_02",NA,"BF_FV_03","BF_FN_04"
"297",NA,NA,NA,"RIKO_01","RIKO_02",NA,"BF_FV_03","BF_FN_05"
"298",NA,NA,NA,"RIKO_01","RIKO_02",NA,"BF_FV_03","BF_FN_06"
"299",NA,NA,NA,"RIKO_01","RIKO_02",NA,"BF_FV_03","BF_FN_07"
"300",NA,NA,NA,"RIKO_01","RIKO_02",NA,"BF_FV_03","BF_FN_08"
"301",NA,NA,NA,"RIKO_01","RIKO_02",NA,"BF_FV_04","BF_FN_01"
"302",NA,NA,NA,"RIKO_01","RIKO_02",NA,"BF_FV_04","BF_FN_02"
"303",NA,NA,NA,"RIKO_01","RIKO_02",NA,"BF_FV_04","BF_FN_03"
"304",NA,NA,NA,"RIKO_01","RIKO_02",NA,"BF_FV_04","BF_FN_04"
"305",NA,NA,NA,"RIKO_01","RIKO_02",NA,"BF_FV_04","BF_FN_05"
"306",NA,NA,NA,"RIKO_01","RIKO_02",NA,"BF_FV_04","BF_FN_06"
"307",NA,NA,NA,"RIKO_01","RIKO_02",NA,"BF_FV_04","BF_FN_07"
"308",NA,NA,NA,"RIKO_01","RIKO_02",NA,"BF_FV_04","BF_FN_08"
"309",NA,NA,NA,"RIKO_01","RIKO_02",NA,"BF_FV_05","BF_FN_01"
"310",NA,NA,NA,"RIKO_01","RIKO_02",NA,"BF_FV_05","BF_FN_02"
"311",NA,NA,NA,"RIKO_01","RIKO_02",NA,"BF_FV_05","BF_FN_03"
"312",NA,NA,NA,"RIKO_01","RIKO_02",NA,"BF_FV_05","BF_FN_04"
"313",NA,NA,NA,"RIKO_01","RIKO_02",NA,"BF_FV_05","BF_FN_05"
"314",NA,NA,NA,"RIKO_01","RIKO_02",NA,"BF_FV_05","BF_FN_06"
"315",NA,NA,NA,"RIKO_01","RIKO_02",NA,"BF_FV_05","BF_FN_07"
"316",NA,NA,NA,"RIKO_01","RIKO_02",NA,"BF_FV_05","BF_FN_08"
"317",NA,NA,NA,"RIKO_01","RIKO_02",NA,"BF_FV_06","BF_FN_01"
"318",NA,NA,NA,"RIKO_01","RIKO_02",NA,"BF_FV_06","BF_FN_02"
"319",NA,NA,NA,"RIKO_01","RIKO_02",NA,"BF_FV_06","BF_FN_03"
"320",NA,NA,NA,"RIKO_01","RIKO_02",NA,"BF_FV_06","BF_FN_04"
"321",NA,NA,NA,"RIKO_01","RIKO_02",NA,"BF_FV_06","BF_FN_05"
"322",NA,NA,NA,"RIKO_01","RIKO_02",NA,"BF_FV_06","BF_FN_06"
"323",NA,NA,NA,"RIKO_01","RIKO_02",NA,"BF_FV_06","BF_FN_07"
"324",NA,NA,NA,"RIKO_01","RIKO_02",NA,"BF_FV_06","BF_FN_08"
"325",NA,NA,NA,"RIKO_01","RIKO_02",NA,"BF_FV_07","BF_FN_01"
"326",NA,NA,NA,"RIKO_01","RIKO_02",NA,"BF_FV_07","BF_FN_02"
"327",NA,NA,NA,"RIKO_01","RIKO_02",NA,"BF_FV_07","BF_FN_03"
"328",NA,NA,NA,"RIKO_01","RIKO_02",NA,"BF_FV_07","BF_FN_04"
"329",NA,NA,NA,"RIKO_01","RIKO_02",NA,"BF_FV_07","BF_FN_05"
"330",NA,NA,NA,"RIKO_01","RIKO_02",NA,"BF_FV_07","BF_FN_06"
"331",NA,NA,NA,"RIKO_01","RIKO_02",NA,"BF_FV_07","BF_FN_07"
"332",NA,NA,NA,"RIKO_01","RIKO_02",NA,"BF_FV_07","BF_FN_08"
"333",NA,NA,NA,"RIKO_01","RIKO_02",NA,"BF_FV_08","BF_FN_01"
"334",NA,NA,NA,"RIKO_01","RIKO_02",NA,"BF_FV_08","BF_FN_02"
"335",NA,NA,NA,"RIKO_01","RIKO_02",NA,"BF_FV_08","BF_FN_03"
"336",NA,NA,NA,"RIKO_01","RIKO_02",NA,"BF_FV_08","BF_FN_04"
"337",NA,NA,NA,"RIKO_01","RIKO_02",NA,"BF_FV_08","BF_FN_05"
"338",NA,NA,NA,"RIKO_01","RIKO_02",NA,"BF_FV_08","BF_FN_06"
"339",NA,NA,NA,"RIKO_01","RIKO_02",NA,"BF_FV_08","BF_FN_07"
"340",NA,NA,NA,"RIKO_01","RIKO_02",NA,"BF_FV_08","BF_FN_08"
"341",NA,NA,NA,"RIKO_01","RIKO_02",NA,"BF_FV_09","BF_FN_01"
"342",NA,NA,NA,"RIKO_01","RIKO_02",NA,"BF_FV_09","BF_FN_02"
"343",NA,NA,NA,"RIKO_01","RIKO_02",NA,"BF_FV_09","BF_FN_03"
"344",NA,NA,NA,"RIKO_01","RIKO_02",NA,"BF_FV_09","BF_FN_04"
"345",NA,NA,NA,"RIKO_01","RIKO_02",NA,"BF_FV_09","BF_FN_05"
"346",NA,NA,NA,"RIKO_01","RIKO_02",NA,"BF_FV_09","BF_FN_06"
"347",NA,NA,NA,"RIKO_01","RIKO_02",NA,"BF_FV_09","BF_FN_07"
"348",NA,NA,NA,"RIKO_01","RIKO_02",NA,"BF_FV_09","BF_FN_08"
"349",NA,NA,NA,"RIKO_01","RIKO_02",NA,"BF_FV_10","BF_FN_01"
"350",NA,NA,NA,"RIKO_01","RIKO_02",NA,"BF_FV_10","BF_FN_02"
"351",NA,NA,NA,"RIKO_01","RIKO_02",NA,"BF_FV_10","BF_FN_03"
"352",NA,NA,NA,"RIKO_01","RIKO_02",NA,"BF_FV_10","BF_FN_04"
"353",NA,NA,NA,"RIKO_01","RIKO_02",NA,"BF_FV_10","BF_FN_05"
"354",NA,NA,NA,"RIKO_01","RIKO_02",NA,"BF_FV_10","BF_FN_06"
"355",NA,NA,NA,"RIKO_01","RIKO_02",NA,"BF_FV_10","BF_FN_07"
"356",NA,NA,NA,"RIKO_01","RIKO_02",NA,"BF_FV_10","BF_FN_08"
"357",NA,NA,NA,"RIKO_01","RIKO_02",NA,"BF_FV_11","BF_FN_01"
"358",NA,NA,NA,"RIKO_01","RIKO_02",NA,"BF_FV_11","BF_FN_02"
"359",NA,NA,NA,"RIKO_01","RIKO_02",NA,"BF_FV_11","BF_FN_03"
"360",NA,NA,NA,"RIKO_01","RIKO_02",NA,"BF_FV_11","BF_FN_04"
"361",NA,NA,NA,"RIKO_01","RIKO_02",NA,"BF_FV_11","BF_FN_05"
"362",NA,NA,NA,"RIKO_01","RIKO_02",NA,"BF_FV_11","BF_FN_06"
"363",NA,NA,NA,"RIKO_01","RIKO_02",NA,"BF_FV_11","BF_FN_07"
"364",NA,NA,NA,"RIKO_01","RIKO_02",NA,"BF_FV_11","BF_FN_08"
"365",NA,NA,NA,"RIKO_01","RIKO_02",NA,"BF_FV_12","BF_FN_01"
"366",NA,NA,NA,"RIKO_01","RIKO_02",NA,"BF_FV_12","BF_FN_02"
"367",NA,NA,NA,"RIKO_01","RIKO_02",NA,"BF_FV_12","BF_FN_03"
"368",NA,NA,NA,"RIKO_01","RIKO_02",NA,"BF_FV_12","BF_FN_04"
"369",NA,NA,NA,"RIKO_01","RIKO_02",NA,"BF_FV_12","BF_FN_05"
"370",NA,NA,NA,"RIKO_01","RIKO_02",NA,"BF_FV_12","BF_FN_06"
"371",NA,NA,NA,"RIKO_01","RIKO_02",NA,"BF_FV_12","BF_FN_07"
"372",NA,NA,NA,"RIKO_01","RIKO_02",NA,"BF_FV_12","BF_FN_08"
"373",NA,NA,NA,"RIKO_01","RIKO_02",NA,"BF_FV_13","BF_FN_01"
"374",NA,NA,NA,"RIKO_01","RIKO_02",NA,"BF_FV_13","BF_FN_02"
"375",NA,NA,NA,"RIKO_01","RIKO_02",NA,"BF_FV_13","BF_FN_03"
"376",NA,NA,NA,"RIKO_01","RIKO_02",NA,"BF_FV_13","BF_FN_04"
"377",NA,NA,NA,"RIKO_01","RIKO_02",NA,"BF_FV_13","BF_FN_05"
"378",NA,NA,NA,"RIKO_01","RIKO_02",NA,"BF_FV_13","BF_FN_06"
"379",NA,NA,NA,"RIKO_01","RIKO_02",NA,"BF_FV_13","BF_FN_07"
"380",NA,NA,NA,"RIKO_01","RIKO_02",NA,"BF_FV_13","BF_FN_08"
"381",NA,NA,NA,"RIKO_01","RIKO_02",NA,"BF_FV_14","BF_FN_01"
"382",NA,NA,NA,"RIKO_01","RIKO_02",NA,"BF_FV_14","BF_FN_02"
"383",NA,NA,NA,"RIKO_01","RIKO_02",NA,"BF_FV_14","BF_FN_03"
"384",NA,NA,NA,"RIKO_01","RIKO_02",NA,"BF_FV_14","BF_FN_04"
"385",NA,NA,NA,"RIKO_01","RIKO_02",NA,"BF_FV_14","BF_FN_05"
"386",NA,NA,NA,"RIKO_01","RIKO_02",NA,"BF_FV_14","BF_FN_06"
"387",NA,NA,NA,"RIKO_01","RIKO_02",NA,"BF_FV_14","BF_FN_07"
"388",NA,NA,NA,"RIKO_01","RIKO_02",NA,"BF_FV_14","BF_FN_08"
"389",NA,NA,NA,"RIKO_01","RIKO_02",NA,"BF_FV_15","BF_FN_01"
"390",NA,NA,NA,"RIKO_01","RIKO_02",NA,"BF_FV_15","BF_FN_02"
"391",NA,NA,NA,"RIKO_01","RIKO_02",NA,"BF_FV_15","BF_FN_03"
"392",NA,NA,NA,"RIKO_01","RIKO_02",NA,"BF_FV_15","BF_FN_04"
"393",NA,NA,NA,"RIKO_01","RIKO_02",NA,"BF_FV_15","BF_FN_05"
"394",NA,NA,NA,"RIKO_01","RIKO_02",NA,"BF_FV_15","BF_FN_06"
"395",NA,NA,NA,"RIKO_01","RIKO_02",NA,"BF_FV_15","BF_FN_07"
"396",NA,NA,NA,"RIKO_01","RIKO_02",NA,"BF_FV_15","BF_FN_08"
"397",NA,NA,NA,"RIKO_01","RIKO_02",NA,"BF_FV_16","BF_FN_01"
"398",NA,NA,NA,"RIKO_01","RIKO_02",NA,"BF_FV_16","BF_FN_02"
"399",NA,NA,NA,"RIKO_01","RIKO_02",NA,"BF_FV_16","BF_FN_03"
"400",NA,NA,NA,"RIKO_01","RIKO_02",NA,"BF_FV_16","BF_FN_04"
"401",NA,NA,NA,"RIKO_01","RIKO_02",NA,"BF_FV_16","BF_FN_05"
"402",NA,NA,NA,"RIKO_01","RIKO_02",NA,"BF_FV_16","BF_FN_06"
"403",NA,NA,NA,"RIKO_01","RIKO_02",NA,"BF_FV_16","BF_FN_07"
"404",NA,NA,NA,"RIKO_01","RIKO_02",NA,"BF_FV_16","BF_FN_08"
"405",NA,NA,NA,"RIKO_01","RIKO_02","BF_CONECT","BF_FV_01","BF_FV_02"
"406",NA,NA,NA,"RIKO_01","RIKO_02","BF_CONECT","BF_FV_01","BF_FV_03"
"407",NA,NA,NA,"RIKO_01","RIKO_02","BF_CONECT","BF_FV_01","BF_FV_04"
"408",NA,NA,NA,"RIKO_01","RIKO_02","BF_CONECT","BF_FV_01","BF_FV_05"
"409",NA,NA,NA,"RIKO_01","RIKO_02","BF_CONECT","BF_FV_01","BF_FV_06"
"410",NA,NA,NA,"RIKO_01","RIKO_02","BF_CONECT","BF_FV_01","BF_FV_07"
"411",NA,NA,NA,"RIKO_01","RIKO_02","BF_CONECT","BF_FV_01","BF_FV_08"
"412",NA,NA,NA,"RIKO_01","RIKO_02","BF_CONECT","BF_FV_01","BF_FV_09"
"413",NA,NA,NA,"RIKO_01","RIKO_02","BF_CONECT","BF_FV_01","BF_FV_10"
"414",NA,NA,NA,"RIKO_01","RIKO_02","BF_CONECT","BF_FV_01","BF_FV_11"
"415",NA,NA,NA,"RIKO_01","RIKO_02","BF_CONECT","BF_FV_01","BF_FV_12"
"416",NA,NA,NA,"RIKO_01","RIKO_02","BF_CONECT","BF_FV_01","BF_FV_13"
"417",NA,NA,NA,"RIKO_01","RIKO_02","BF_CONECT","BF_FV_01","BF_FV_14"
"418",NA,NA,NA,"RIKO_01","RIKO_02","BF_CONECT","BF_FV_01","BF_FV_15"
"419",NA,NA,NA,"RIKO_01","RIKO_02","BF_CONECT","BF_FV_01","BF_FV_16"
"420",NA,NA,NA,"RIKO_01","RIKO_02","BF_CONECT","BF_FV_02","BF_FV_03"
"421",NA,NA,NA,"RIKO_01","RIKO_02","BF_CONECT","BF_FV_02","BF_FV_04"
"422",NA,NA,NA,"RIKO_01","RIKO_02","BF_CONECT","BF_FV_02","BF_FV_05"
"423",NA,NA,NA,"RIKO_01","RIKO_02","BF_CONECT","BF_FV_02","BF_FV_06"
"424",NA,NA,NA,"RIKO_01","RIKO_02","BF_CONECT","BF_FV_02","BF_FV_07"
"425",NA,NA,NA,"RIKO_01","RIKO_02","BF_CONECT","BF_FV_02","BF_FV_08"
"426",NA,NA,NA,"RIKO_01","RIKO_02","BF_CONECT","BF_FV_02","BF_FV_09"
"427",NA,NA,NA,"RIKO_01","RIKO_02","BF_CONECT","BF_FV_02","BF_FV_10"
"428",NA,NA,NA,"RIKO_01","RIKO_02","BF_CONECT","BF_FV_02","BF_FV_11"
"429",NA,NA,NA,"RIKO_01","RIKO_02","BF_CONECT","BF_FV_02","BF_FV_12"
"430",NA,NA,NA,"RIKO_01","RIKO_02","BF_CONECT","BF_FV_02","BF_FV_13"
"431",NA,NA,NA,"RIKO_01","RIKO_02","BF_CONECT","BF_FV_02","BF_FV_14"
"432",NA,NA,NA,"RIKO_01","RIKO_02","BF_CONECT","BF_FV_02","BF_FV_15"
"433",NA,NA,NA,"RIKO_01","RIKO_02","BF_CONECT","BF_FV_02","BF_FV_16"
"434",NA,NA,NA,"RIKO_01","RIKO_02","BF_CONECT","BF_FV_03","BF_FV_04"
"435",NA,NA,NA,"RIKO_01","RIKO_02","BF_CONECT","BF_FV_03","BF_FV_05"
"436",NA,NA,NA,"RIKO_01","RIKO_02","BF_CONECT","BF_FV_03","BF_FV_06"
"437",NA,NA,NA,"RIKO_01","RIKO_02","BF_CONECT","BF_FV_03","BF_FV_07"
"438",NA,NA,NA,"RIKO_01","RIKO_02","BF_CONECT","BF_FV_03","BF_FV_08"
"439",NA,NA,NA,"RIKO_01","RIKO_02","BF_CONECT","BF_FV_03","BF_FV_09"
"440",NA,NA,NA,"RIKO_01","RIKO_02","BF_CONECT","BF_FV_03","BF_FV_10"
"441",NA,NA,NA,"RIKO_01","RIKO_02","BF_CONECT","BF_FV_03","BF_FV_11"
"442",NA,NA,NA,"RIKO_01","RIKO_02","BF_CONECT","BF_FV_03","BF_FV_12"
"443",NA,NA,NA,"RIKO_01","RIKO_02","BF_CONECT","BF_FV_03","BF_FV_13"
"444",NA,NA,NA,"RIKO_01","RIKO_02","BF_CONECT","BF_FV_03","BF_FV_14"
"445",NA,NA,NA,"RIKO_01","RIKO_02","BF_CONECT","BF_FV_03","BF_FV_15"
"446",NA,NA,NA,"RIKO_01","RIKO_02","BF_CONECT","BF_FV_03","BF_FV_16"
"447",NA,NA,NA,"RIKO_01","RIKO_02","BF_CONECT","BF_FV_04","BF_FV_05"
"448",NA,NA,NA,"RIKO_01","RIKO_02","BF_CONECT","BF_FV_04","BF_FV_06"
"449",NA,NA,NA,"RIKO_01","RIKO_02","BF_CONECT","BF_FV_04","BF_FV_07"
"450",NA,NA,NA,"RIKO_01","RIKO_02","BF_CONECT","BF_FV_04","BF_FV_08"
"451",NA,NA,NA,"RIKO_01","RIKO_02","BF_CONECT","BF_FV_04","BF_FV_09"
"452",NA,NA,NA,"RIKO_01","RIKO_02","BF_CONECT","BF_FV_04","BF_FV_10"
"453",NA,NA,NA,"RIKO_01","RIKO_02","BF_CONECT","BF_FV_04","BF_FV_11"
"454",NA,NA,NA,"RIKO_01","RIKO_02","BF_CONECT","BF_FV_04","BF_FV_12"
"455",NA,NA,NA,"RIKO_01","RIKO_02","BF_CONECT","BF_FV_04","BF_FV_13"
"456",NA,NA,NA,"RIKO_01","RIKO_02","BF_CONECT","BF_FV_04","BF_FV_14"
"457",NA,NA,NA,"RIKO_01","RIKO_02","BF_CONECT","BF_FV_04","BF_FV_15"
"458",NA,NA,NA,"RIKO_01","RIKO_02","BF_CONECT","BF_FV_04","BF_FV_16"
"459",NA,NA,NA,"RIKO_01","RIKO_02","BF_CONECT","BF_FV_05","BF_FV_06"
"460",NA,NA,NA,"RIKO_01","RIKO_02","BF_CONECT","BF_FV_05","BF_FV_07"
"461",NA,NA,NA,"RIKO_01","RIKO_02","BF_CONECT","BF_FV_05","BF_FV_08"
"462",NA,NA,NA,"RIKO_01","RIKO_02","BF_CONECT","BF_FV_05","BF_FV_09"
"463",NA,NA,NA,"RIKO_01","RIKO_02","BF_CONECT","BF_FV_05","BF_FV_10"
"464",NA,NA,NA,"RIKO_01","RIKO_02","BF_CONECT","BF_FV_05","BF_FV_11"
"465",NA,NA,NA,"RIKO_01","RIKO_02","BF_CONECT","BF_FV_05","BF_FV_12"
"466",NA,NA,NA,"RIKO_01","RIKO_02","BF_CONECT","BF_FV_05","BF_FV_13"
"467",NA,NA,NA,"RIKO_01","RIKO_02","BF_CONECT","BF_FV_05","BF_FV_14"
"468",NA,NA,NA,"RIKO_01","RIKO_02","BF_CONECT","BF_FV_05","BF_FV_15"
"469",NA,NA,NA,"RIKO_01","RIKO_02","BF_CONECT","BF_FV_05","BF_FV_16"
"470",NA,NA,NA,"RIKO_01","RIKO_02","BF_CONECT","BF_FV_06","BF_FV_07"
"471",NA,NA,NA,"RIKO_01","RIKO_02","BF_CONECT","BF_FV_06","BF_FV_08"
"472",NA,NA,NA,"RIKO_01","RIKO_02","BF_CONECT","BF_FV_06","BF_FV_09"
"473",NA,NA,NA,"RIKO_01","RIKO_02","BF_CONECT","BF_FV_06","BF_FV_10"
"474",NA,NA,NA,"RIKO_01","RIKO_02","BF_CONECT","BF_FV_06","BF_FV_11"
"475",NA,NA,NA,"RIKO_01","RIKO_02","BF_CONECT","BF_FV_06","BF_FV_12"
"476",NA,NA,NA,"RIKO_01","RIKO_02","BF_CONECT","BF_FV_06","BF_FV_13"
"477",NA,NA,NA,"RIKO_01","RIKO_02","BF_CONECT","BF_FV_06","BF_FV_14"
"478",NA,NA,NA,"RIKO_01","RIKO_02","BF_CONECT","BF_FV_06","BF_FV_15"
"479",NA,NA,NA,"RIKO_01","RIKO_02","BF_CONECT","BF_FV_06","BF_FV_16"
"480",NA,NA,NA,"RIKO_01","RIKO_02","BF_CONECT","BF_FV_07","BF_FV_08"
"481",NA,NA,NA,"RIKO_01","RIKO_02","BF_CONECT","BF_FV_07","BF_FV_09"
"482",NA,NA,NA,"RIKO_01","RIKO_02","BF_CONECT","BF_FV_07","BF_FV_10"
"483",NA,NA,NA,"RIKO_01","RIKO_02","BF_CONECT","BF_FV_07","BF_FV_11"
"484",NA,NA,NA,"RIKO_01","RIKO_02","BF_CONECT","BF_FV_07","BF_FV_12"
"485",NA,NA,NA,"RIKO_01","RIKO_02","BF_CONECT","BF_FV_07","BF_FV_13"
"486",NA,NA,NA,"RIKO_01","RIKO_02","BF_CONECT","BF_FV_07","BF_FV_14"
"487",NA,NA,NA,"RIKO_01","RIKO_02","BF_CONECT","BF_FV_07","BF_FV_15"
"488",NA,NA,NA,"RIKO_01","RIKO_02","BF_CONECT","BF_FV_07","BF_FV_16"
"489",NA,NA,NA,"RIKO_01","RIKO_02","BF_CONECT","BF_FV_08","BF_FV_09"
"490",NA,NA,NA,"RIKO_01","RIKO_02","BF_CONECT","BF_FV_08","BF_FV_10"
"491",NA,NA,NA,"RIKO_01","RIKO_02","BF_CONECT","BF_FV_08","BF_FV_11"
"492",NA,NA,NA,"RIKO_01","RIKO_02","BF_CONECT","BF_FV_08","BF_FV_12"
"493",NA,NA,NA,"RIKO_01","RIKO_02","BF_CONECT","BF_FV_08","BF_FV_13"
"494",NA,NA,NA,"RIKO_01","RIKO_02","BF_CONECT","BF_FV_08","BF_FV_14"
"495",NA,NA,NA,"RIKO_01","RIKO_02","BF_CONECT","BF_FV_08","BF_FV_15"
"496",NA,NA,NA,"RIKO_01","RIKO_02","BF_CONECT","BF_FV_08","BF_FV_16"
"497",NA,NA,NA,"RIKO_01","RIKO_02","BF_CONECT","BF_FV_09","BF_FV_10"
"498",NA,NA,NA,"RIKO_01","RIKO_02","BF_CONECT","BF_FV_09","BF_FV_11"
"499",NA,NA,NA,"RIKO_01","RIKO_02","BF_CONECT","BF_FV_09","BF_FV_12"
"500",NA,NA,NA,"RIKO_01","RIKO_02","BF_CONECT","BF_FV_09","BF_FV_13"
"501",NA,NA,NA,"RIKO_01","RIKO_02","BF_CONECT","BF_FV_09","BF_FV_14"
"502",NA,NA,NA,"RIKO_01","RIKO_02","BF_CONECT","BF_FV_09","BF_FV_15"
"503",NA,NA,NA,"RIKO_01","RIKO_02","BF_CONECT","BF_FV_09","BF_FV_16"
"504",NA,NA,NA,"RIKO_01","RIKO_02","BF_CONECT","BF_FV_10","BF_FV_11"
"505",NA,NA,NA,"RIKO_01","RIKO_02","BF_CONECT","BF_FV_10","BF_FV_12"
"506",NA,NA,NA,"RIKO_01","RIKO_02","BF_CONECT","BF_FV_10","BF_FV_13"
"507",NA,NA,NA,"RIKO_01","RIKO_02","BF_CONECT","BF_FV_10","BF_FV_14"
"508",NA,NA,NA,"RIKO_01","RIKO_02","BF_CONECT","BF_FV_10","BF_FV_15"
"509",NA,NA,NA,"RIKO_01","RIKO_02","BF_CONECT","BF_FV_10","BF_FV_16"
"510",NA,NA,NA,"RIKO_01","RIKO_02","BF_CONECT","BF_FV_11","BF_FV_12"
"511",NA,NA,NA,"RIKO_01","RIKO_02","BF_CONECT","BF_FV_11","BF_FV_13"
"512",NA,NA,NA,"RIKO_01","RIKO_02","BF_CONECT","BF_FV_11","BF_FV_14"
"513",NA,NA,NA,"RIKO_01","RIKO_02","BF_CONECT","BF_FV_11","BF_FV_15"
"514",NA,NA,NA,"RIKO_01","RIKO_02","BF_CONECT","BF_FV_11","BF_FV_16"
"515",NA,NA,NA,"RIKO_01","RIKO_02","BF_CONECT","BF_FV_12","BF_FV_13"
"516",NA,NA,NA,"RIKO_01","RIKO_02","BF_CONECT","BF_FV_12","BF_FV_14"
"517",NA,NA,NA,"RIKO_01","RIKO_02","BF_CONECT","BF_FV_12","BF_FV_15"
"518",NA,NA,NA,"RIKO_01","RIKO_02","BF_CONECT","BF_FV_12","BF_FV_16"
"519",NA,NA,NA,"RIKO_01","RIKO_02","BF_CONECT","BF_FV_13","BF_FV_14"
"520",NA,NA,NA,"RIKO_01","RIKO_02","BF_CONECT","BF_FV_13","BF_FV_15"
"521",NA,NA,NA,"RIKO_01","RIKO_02","BF_CONECT","BF_FV_13","BF_FV_16"
"522",NA,NA,NA,"RIKO_01","RIKO_02","BF_CONECT","BF_FV_14","BF_FV_15"
"523",NA,NA,NA,"RIKO_01","RIKO_02","BF_CONECT","BF_FV_14","BF_FV_16"
"524",NA,NA,NA,"RIKO_01","RIKO_02","BF_CONECT","BF_FV_15","BF_FV_16"
"525",NA,NA,NA,"RIKO_01","RIKO_02","BF_CONECT","BF_FN_01","BF_FN_02"
"526",NA,NA,NA,"RIKO_01","RIKO_02","BF_CONECT","BF_FN_01","BF_FN_03"
"527",NA,NA,NA,"RIKO_01","RIKO_02","BF_CONECT","BF_FN_01","BF_FN_04"
"528",NA,NA,NA,"RIKO_01","RIKO_02","BF_CONECT","BF_FN_01","BF_FN_05"
"529",NA,NA,NA,"RIKO_01","RIKO_02","BF_CONECT","BF_FN_01","BF_FN_06"
"530",NA,NA,NA,"RIKO_01","RIKO_02","BF_CONECT","BF_FN_01","BF_FN_07"
"531",NA,NA,NA,"RIKO_01","RIKO_02","BF_CONECT","BF_FN_01","BF_FN_08"
"532",NA,NA,NA,"RIKO_01","RIKO_02","BF_CONECT","BF_FN_02","BF_FN_03"
"533",NA,NA,NA,"RIKO_01","RIKO_02","BF_CONECT","BF_FN_02","BF_FN_04"
"534",NA,NA,NA,"RIKO_01","RIKO_02","BF_CONECT","BF_FN_02","BF_FN_05"
"535",NA,NA,NA,"RIKO_01","RIKO_02","BF_CONECT","BF_FN_02","BF_FN_06"
"536",NA,NA,NA,"RIKO_01","RIKO_02","BF_CONECT","BF_FN_02","BF_FN_07"
"537",NA,NA,NA,"RIKO_01","RIKO_02","BF_CONECT","BF_FN_02","BF_FN_08"
"538",NA,NA,NA,"RIKO_01","RIKO_02","BF_CONECT","BF_FN_03","BF_FN_04"
"539",NA,NA,NA,"RIKO_01","RIKO_02","BF_CONECT","BF_FN_03","BF_FN_05"
"540",NA,NA,NA,"RIKO_01","RIKO_02","BF_CONECT","BF_FN_03","BF_FN_06"
"541",NA,NA,NA,"RIKO_01","RIKO_02","BF_CONECT","BF_FN_03","BF_FN_07"
"542",NA,NA,NA,"RIKO_01","RIKO_02","BF_CONECT","BF_FN_03","BF_FN_08"
"543",NA,NA,NA,"RIKO_01","RIKO_02","BF_CONECT","BF_FN_04","BF_FN_05"
"544",NA,NA,NA,"RIKO_01","RIKO_02","BF_CONECT","BF_FN_04","BF_FN_06"
"545",NA,NA,NA,"RIKO_01","RIKO_02","BF_CONECT","BF_FN_04","BF_FN_07"
"546",NA,NA,NA,"RIKO_01","RIKO_02","BF_CONECT","BF_FN_04","BF_FN_08"
"547",NA,NA,NA,"RIKO_01","RIKO_02","BF_CONECT","BF_FN_05","BF_FN_06"
"548",NA,NA,NA,"RIKO_01","RIKO_02","BF_CONECT","BF_FN_05","BF_FN_07"
"549",NA,NA,NA,"RIKO_01","RIKO_02","BF_CONECT","BF_FN_05","BF_FN_08"
"550",NA,NA,NA,"RIKO_01","RIKO_02","BF_CONECT","BF_FN_06","BF_FN_07"
"551",NA,NA,NA,"RIKO_01","RIKO_02","BF_CONECT","BF_FN_06","BF_FN_08"
"552",NA,NA,NA,"RIKO_01","RIKO_02","BF_CONECT","BF_FN_07","BF_FN_08"
